CompartmentName,TransectNo,ForestType,ForestCategory,LoggingRotation,TransectByForest,ForestCode,Date,VisualCount,Sp.01,Sp.02,Sp.03,Sp.04,Sp.05,Sp.06,Sp.07,Sp.08,Sp.09,Sp.10,Sp.11,Sp.12,Sp.13,Sp.14,Sp.15,Sp.16,Sp.17,Sp.18,Sp.19,Sp.20,Sp.21,Sp.22,Sp.23,Sp.24,Sp.25,Sp.26,Sp.27
PB87,1,00-05 years (once),00-05 years ,1,1,11,02-Aug-16,,,,,,,,,,,,,,10,,,,,,,,,,,,,,
PB87,2,00-05 years (once),00-05 years ,1,2,11,02-Aug-16,,,,,,,,,,,,,,,,,,,,,,,,,,,,
PB87,3,00-05 years (once),00-05 years ,1,3,11,02-Aug-16,,,,,,,,,,,,,,2,,,,,,,,,,,,,,
PB87,4,00-05 years (once),00-05 years ,1,4,11,02-Aug-16,,,,,,,,,,,,,,6,,,,,,    ,,,,1,,,,
PB87,5,00-05 years (once),00-05 years ,1,5,11,02-Aug-16,,,,,,,,,,,,,,,,,,,,,,,,,,,,
PB87,6,00-05 years (once),00-05 years ,1,6,11,02-Aug-16,,,,,,,,,,,,,,3,,,,,,,,,,,,,,
PB87,7,00-05 years (once),00-05 years ,1,7,11,22-Aug-16,,,,,,,,,,,,,,,,1,,,,,,,,,,,,
PB87,8,00-05 years (once),00-05 years ,1,8,11,22-Aug-16,,1,,,,,,,,,,,,9,,,,,,,,,,,,,,
PB87,9,00-05 years (once),00-05 years ,1,9,11,22-Aug-16,1,,,,,,,,,,,,,,,,,,,,,,,,,,,
PB87,10,00-05 years (once),00-05 years ,1,10,11,22-Aug-16,1,,,,,,,,,,,,,,,,,,,,,,,,,,,
PB87,11,00-05 years (once),00-05 years ,1,11,11,22-Aug-16,1,,,,,,,,,,,,,,,,,,,,,,,,,,,
PB87,12,00-05 years (once),00-05 years ,1,12,11,22-Aug-16,1,,,,,,,,,,,,,,,,,,,,,,,,,,,
PS52,1,00-05 years (once),00-05 years ,1,13,11,29-Jun-16,,,,,,,,,,,,,,,,,,,,,,,,,,,,
PS52,2,00-05 years (once),00-05 years ,1,14,11,29-Jun-16,1,,,,,,,,,,,,,,,,,,,,,,,,,,,
PS52,3,00-05 years (once),00-05 years ,1,15,11,29-Jun-16,1,,,,,,,,,,,,,,,,,,,,,,,,,,,
PS52,4,00-05 years (once),00-05 years ,1,16,11,29-Jun-16,,,,,1,,,,,,,,,,,,,,,,,,,,,,,
PS52,5,00-05 years (once),00-05 years ,1,17,11,29-Jun-16,1,,,,,,,,,,,,,,,,,,,,,,,,,,,
PS52,6,00-05 years (once),00-05 years ,1,18,11,21-Jul-16,,1,,,,,,,,,,,,,,,,,,,1,,,,,,,
PS52,7,00-05 years (once),00-05 years ,1,19,11,21-Jul-16,,6,,,,,,,,,,,,,,,,,,,,,,,,,,
PS52,8,00-05 years (once),00-05 years ,1,20,11,21-Jul-16,1,,,,,,,,,,,,,,,,,,,,,,,,,,,
PS52,9,00-05 years (once),00-05 years ,1,21,11,21-Jul-16,,,,,,,,,,,,,,,,,,,,,,,,,,,,
UTT35,1,00-05 years (once),00-05 years ,1,22,11,31-Aug-16,,,,,,,,,,1,,,,,,,,,,,,,,,,,,
UTT35,2,00-05 years (once),00-05 years ,1,23,11,31-Aug-16,,1,,,,,,,,,,,,,,,,,,,,,,,,,,
UTT35,3,00-05 years (once),00-05 years ,1,24,11,31-Aug-16,1,,,,,,,,,,,,,,,,,,,,,,,,,,,
UTT35,4,00-05 years (once),00-05 years ,1,25,11,31-Aug-16,,,,,,,,,,1,,,,,,,,,,,,,,,,,,
UTT35,5,00-05 years (once),00-05 years ,1,26,11,31-Aug-16,1,,,,,,,,,,,,,,,,,,,,,,,,,,,
UTT35,6,00-05 years (once),00-05 years ,1,27,11,31-Aug-16,,3,,,,,,,,,,,,,,,,,,,,,,,,,,
UTT41,1,00-05 years (once),00-05 years ,1,28,11,31-Aug-16,,,,,,,,,,,,,,,,,,,,,,,,,,,,
UTT41,2,00-05 years (once),00-05 years ,1,29,11,31-Aug-16,,,,,,,,,,,,,,,,,,,,,,,,,,,,
UTT41,3,00-05 years (once),00-05 years ,1,30,11,31-Aug-16,1,,,,,,,,,,,,,,,,,,,,,,,,,,,
UTT41,4,00-05 years (once),00-05 years ,1,31,11,31-Aug-16,,,,,,,,,,,,,,,,,,,,,,,,,,,,
UTT41,5,00-05 years (once),00-05 years ,1,32,12,31-Aug-16,1,,,,,,,,,,,,,,,,,,,,,,,,,,,
B10,1,00-05 years (twice),00-05 years ,2,1,12,10-May-16,,,,,,,,,,,,,,,,,,,,,,,,,,,,
B10,2,00-05 years (twice),00-05 years ,2,2,12,10-May-16,,2,,,,,,,,,,,,1,,,,,,,,,,,,,,
B10,3,00-05 years (twice),00-05 years ,2,3,12,10-May-16,,1,,,,,,,,,,,,1,,,,,,,,,,,,,,
B10,4,00-05 years (twice),00-05 years ,2,4,12,10-May-16,1,,,,,,,,,,,,,,,,,,,,,,,,,,,
B10,5,00-05 years (twice),00-05 years ,2,5,12,10-May-16,,,,,,,,,,,,,,2,,,,,1,,,,,,1,,,
B10,6,00-05 years (twice),00-05 years ,2,6,12,10-May-16,,,,,,,,,,,,,,2,,,,1,,,,,,,,,,
B10,7,00-05 years (twice),00-05 years ,2,7,12,10-May-16,,,,,,,,,,,,,,,,,,,1,,,,,,,,,
B10,8,00-05 years (twice),00-05 years ,2,8,12,01-Aug-16,,1,,,,,,,,,,1,,,,,,,,,,,,,,,,
B10,9,00-05 years (twice),00-05 years ,2,9,12,01-Aug-16,,8,,,,,,,,,,,,,,,,,,,,,,,,,,
B10,10,00-05 years (twice),00-05 years ,2,10,12,01-Aug-16,,,,,,,,,,,,,,,,,,,,,,,,,,,,
B10,11,00-05 years (twice),00-05 years ,2,11,12,01-Aug-16,,,,,,,,,,,,,,,,,,,,,,,,,,,,
B10,12,00-05 years (twice),00-05 years ,2,12,12,01-Aug-16,,,,,,,,,,,,,,,,,,,,,,,,,,,,
JI39,1,00-05 years (twice),00-05 years ,2,13,12,24-Aug-16,,,,,,,,,,,,,,1,,,,,,,,,,,,,,
JI39,2,00-05 years (twice),00-05 years ,2,14,12,24-Aug-16,1,,,,,,,,,,,,,,,,,,,,,,,,,,,
JI39,3,00-05 years (twice),00-05 years ,2,15,12,24-Aug-16,,1,,,,,,,,,,,,,,,,,,,,,,,,,,
JI39,4,00-05 years (twice),00-05 years ,2,16,12,24-Aug-16,,,,,,,,,,,,,,,,,,,,,,,,,,,,
JI39,5,00-05 years (twice),00-05 years ,2,17,12,24-Aug-16,,4,,,,,,,,,,,,,,,,,,,1,,,,,,,
JI39,6,00-05 years (twice),00-05 years ,2,18,12,24-Aug-16,1,,,,,,,,,,,,,,,,,,,,,,,,,,,
JI40,1,00-05 years (twice),00-05 years ,2,19,12,11-May-16,,1,,,,,,,,,,,,,,,,,,,,,,,,,,
JI40,2,00-05 years (twice),00-05 years ,2,20,12,11-May-16,,,,,,,,,,,,,,,,,,,,,,,,,,,,
JI40,3,00-05 years (twice),00-05 years ,2,21,12,11-May-16,,,,,,,,,,,,,,,,,,,,,,,,,,,,
JI40,4,00-05 years (twice),00-05 years ,2,22,12,11-May-16,1,,,,,,,,,,,,,,,,,,,,,,,,,,,
JI40,5,00-05 years (twice),00-05 years ,2,23,12,11-May-16,,,,,,,,,,,,,,,,,,,,,,,,,,,,
JI40,6,00-05 years (twice),00-05 years ,2,24,12,11-May-16,,,,,,,,,,,,,,,,,,,,,,,,,,,,
JI40,7,00-05 years (twice),00-05 years ,2,25,12,19-Jul-16,,,,,,,,,,,,,,,,,,,,,,,,,,,,
JI40,8,00-05 years (twice),00-05 years ,2,26,12,19-Jul-16,,,,,,,,,,,,,,3,,,,,,,,,,,,,,
JI40,9,00-05 years (twice),00-05 years ,2,27,12,19-Jul-16,,,,,,,,,,1,,,,2,,,,,,,,,,,,,,
JI40,10,00-05 years (twice),00-05 years ,2,28,12,19-Jul-16,,,,,,,,,,1,,,,2,,,,,,,1,,,,,,,
JI42,1,00-05 years (twice),00-05 years ,2,29,12,28-Jul-16,,,,,,,,,,,,,,,,,,,,,,,,,,,,
JI42,2,00-05 years (twice),00-05 years ,2,30,12,28-Jul-16,1,,,,,,,,,,,,,,,,,,,,,,,,,,,
JI42,3,00-05 years (twice),00-05 years ,2,31,12,28-Jul-16,,1,,,,,,,,,,,,,,,,,,,,,,,,,,
JI42,4,00-05 years (twice),00-05 years ,2,32,12,28-Jul-16,1,,,,,,,,,,,,,,,,,,,,,,,,,,,
JI42,5,00-05 years (twice),00-05 years ,2,33,12,28-Jul-16,1,,,,,,,,,,,,,,,,,,,,,,,,,,,
JI42,6,00-05 years (twice),00-05 years ,2,34,12,28-Jul-16,,,,,,,,,,,,,,,,,,,,,,,,,,,,
B12,1,06-15 years (once),06-15 years,1,1,21,16-Aug-16,,,,,,,,,,,,,,,,,,,,,,,,,,,,
B12,2,06-15 years (once),06-15 years,1,2,21,16-Aug-16,,,,,,,,,,,,,,,,,,,,,,,,,,,,
B12,3,06-15 years (once),06-15 years,1,3,21,16-Aug-16,,,,,,,,,,,,,,,,,,,,,,,,,,,,
B12,4,06-15 years (once),06-15 years,1,4,21,16-Aug-16,,2,,,,,,,,1,,,,,,,,,,,,,,,,,,
B12,5,06-15 years (once),06-15 years,1,5,21,16-Aug-16,,,,,,,,,,,,,,,,,,,,,,,,,,,,
B12,6,06-15 years (once),06-15 years,1,6,21,16-Aug-16,,,,,,,,,,,,,,,,,,,,,,,,,,,,
JU31Y,1,06-15 years (once),06-15 years,1,7,21,23-Jun-16,,,,,,,,,,,,,,,,,,,,1,,,,,,,,
JU31Y,2,06-15 years (once),06-15 years,1,8,21,23-Jun-16,,,,,,,,,,,,,,,,,,,,,,,,,,,,
JU31Y,3,06-15 years (once),06-15 years,1,9,21,23-Jun-16,,,,,,,,,,,,,,,,,,,,,,,,,,,,
JU31Y,4,06-15 years (once),06-15 years,1,10,21,23-Jun-16,1,,,,,,,,,,,,,,,,,,,,,,,,,,,
JU31Y,5,06-15 years (once),06-15 years,1,11,21,23-Jun-16,,,,,,,,,,1,,,,,,,,,,,,,,,,,,
JU31Y,6,06-15 years (once),06-15 years,1,12,21,27-Jun-16,,1,,,,,,,,19,,,,,,,,,,,,,,,,,,
JU31Y,7,06-15 years (once),06-15 years,1,13,21,27-Jun-16,,1,,,,,,,,1,,1,,,,,,,,,,,,,,,,
JU31Y,8,06-15 years (once),06-15 years,1,14,21,27-Jun-16,1,,,,,,,,,,,,,,,,,,,,,,,,,,,
JU31Y,9,06-15 years (once),06-15 years,1,15,21,27-Jun-16,,,,,,,,,,1,,,,,,,,,,,,,,,,,,
JU31Y,10,06-15 years (once),06-15 years,1,16,21,27-Jun-16,,,,,,,,,,,,,,,,,,,,,,,,,,,,
JU31Y,11,06-15 years (once),06-15 years,1,17,21,27-Jun-16,,,,,,,,,,1,,,,,,,,,,,,,,,,,,
JU93,1,06-15 years (once),06-15 years,1,18,21,26-Jul-16,,,,,,,,,,,,,,,,,,,,,,,,,,,,
JU93,2,06-15 years (once),06-15 years,1,19,21,26-Jul-16,,,,,,,,,,,,,,,,,,,,,,,,,,,,
JU93,3,06-15 years (once),06-15 years,1,20,21,26-Jul-16,,,,,,,,,,,,,,,,,,,,,,,,,,,,
JU93,4,06-15 years (once),06-15 years,1,21,21,26-Jul-16,,,,,,,,,,,,,,,,,,,,,1,,,,,,,
JU93,5,06-15 years (once),06-15 years,1,22,21,26-Jul-16,,,,,,,,,,,,,,,,,,,,,,,,,,,,
JU93,6,06-15 years (once),06-15 years,1,23,21,26-Jul-16,1,,,,,,,,,,,,,,,,,,,,,,,,,,,
JU93,7,06-15 years (once),06-15 years,1,24,21,09-Aug-16,,,,,,,,,,,,,,,,,,,,,,,1,,,,,
JU93,8,06-15 years (once),06-15 years,1,25,21,09-Aug-16,1,,,,,,,,,,,,,,,,,,,,,,,,,,,
JU93,9,06-15 years (once),06-15 years,1,26,21,09-Aug-16,,,,,,,,,,,,,,,,,,,,,,,,,,,,
JU93,10,06-15 years (once),06-15 years,1,27,21,09-Aug-16,,,,,,,,,,,,,,,,,,,,,,,,,,,,
B12,1,06-15 years (once),06-15 years,1,28,21,16-Aug-16,,,,,,,,,,,,,,,,,,,,,,,,,,,,
B12,2,06-15 years (once),06-15 years,1,29,21,16-Aug-16,,,,,,,,,,,,,,,,,,,,,,,,,,,,
B12,3,06-15 years (once),06-15 years,1,30,21,16-Aug-16,,,,,,,,,,,,,,,,,,,,,,,,,,,,
B12,4,06-15 years (once),06-15 years,1,31,21,16-Aug-16,,2,,,,,,,,1,,,,,,,,,,,,,,,,,,
B12,5,06-15 years (once),06-15 years,1,32,21,16-Aug-16,,,,,,,,,,,,,,,,,,,,,,,,,,,,
B12,6,06-15 years (once),06-15 years,1,33,21,16-Aug-16,,,,,,,,,,,,,,,,,,,,,,,,,,,,
B14,1,06-15 years (twice),06-15 years,2,1,22,04-Aug-16,,,,,,,,,,,,,,3,,,,,,,,,,,,,,
B14,2,06-15 years (twice),06-15 years,2,2,22,04-Aug-16,,,,,,,,,,,,,,,,,,,,,,,,,,,,
B14,3,06-15 years (twice),06-15 years,2,3,22,04-Aug-16,,,,,,,,,,,,,,,,,,,,,,,,,,,,
B14,4,06-15 years (twice),06-15 years,2,4,22,04-Aug-16,,,,,,,,,,,,,,,,,,,,,,,,,,,,
B14,5,06-15 years (twice),06-15 years,2,5,22,04-Aug-16,,,,,,,,,,,,,,,,,,,,,,,,,,,,
B14,6,06-15 years (twice),06-15 years,2,6,22,04-Aug-16,,,,,,,,,,,,,,,,,,,,,,,,,,,,
B3,1,06-15 years (twice),06-15 years,2,7,22,12-May-16,,,,,,,,,,,,,,,,,,,,,,,1,,,,,
B3,2,06-15 years (twice),06-15 years,2,8,22,12-May-16,1,,,,,,,,,,,,,,,,,,,,,,,,,,,
B3,3,06-15 years (twice),06-15 years,2,9,22,12-May-16,,,,,,,,,,1,,,,,,,,,,,,,,,,,,
B3,4,06-15 years (twice),06-15 years,2,10,22,12-May-16,,,,,,,,,,1,,,,,,,,,,,,,1,,,,,
B3,5,06-15 years (twice),06-15 years,2,11,22,12-May-16,,,,,,,,,,1,,,,,,,,,1,,,,1,,,,,
B3,6,06-15 years (twice),06-15 years,2,12,22,12-May-16,,,,,,,,,,,,,,,,,,,,,,,16,,2,,,
JI38B,1,06-15 years (twice),06-15 years,2,13,22,25-Jul-16,,,,,,,,,,,,,,,,,,,,,,,,,,,,
JI38B,2,06-15 years (twice),06-15 years,2,14,22,25-Jul-16,,,,,,,,,,,,,,,,,,,,,,,,,,,,
JI38B,3,06-15 years (twice),06-15 years,2,15,22,25-Jul-16,,,,,,,,,,,,,,,,,,,,,,,,,,,,
JI38B,4,06-15 years (twice),06-15 years,2,16,22,25-Jul-16,,,,,,,,,,,,,,,,,,,,,,,,,,,,
JI38B,5,06-15 years (twice),06-15 years,2,17,22,25-Jul-16,1,,,,,,,,,,,,,,,,,,,,,,,,,,,
JI38B,6,06-15 years (twice),06-15 years,2,18,22,25-Jul-16,,,,,,,,,,,,,,,,,,,,,,,,,,,,
JI38B,7,06-15 years (twice),06-15 years,2,19,22,28-Aug-16,,,,,,,,,,,,,,,,,,,,,,,2,,,,,
JI38B,8,06-15 years (twice),06-15 years,2,20,22,28-Aug-16,,,,,,,,,,,,,,,,,,,,,,,,,,,,
JI38B,9,06-15 years (twice),06-15 years,2,21,22,28-Aug-16,1,,,,,,,,,,,,,,,,,,,,,,,,,,,
JI38B,10,06-15 years (twice),06-15 years,2,22,22,28-Aug-16,,,,,,,,,,,,,,,,,,,,,,,,,,,,
JI38B,11,06-15 years (twice),06-15 years,2,23,22,28-Aug-16,,,,,,,,,,,,,,,,,,,,,,,,,,,,
JU68,1,06-15 years (twice),06-15 years,2,24,22,06-Jun-16,,4,,,,,,,,,,,,,,,,,,,,,,,,,,
JU68,2,06-15 years (twice),06-15 years,2,25,22,06-Jun-16,,,,,,,,,,,,,,,,,,,,,,,,,,,,
JU68,3,06-15 years (twice),06-15 years,2,26,22,06-Jun-16,,,,,,,,,,,,,,,,,,,,,,,,,,,,
JU68,4,06-15 years (twice),06-15 years,2,27,22,21-Aug-16,,,,,,,,,,,,,,,,,,,,,,,,,,,,
JU68,5,06-15 years (twice),06-15 years,2,28,22,21-Aug-16,,,,,,,,,,,,,,,,,,,,,,,,,,,,
JU68,6,06-15 years (twice),06-15 years,2,29,22,21-Aug-16,,,,,,,,,,,,,,,,,,,,,,,,,,,,
JU68,7,06-15 years (twice),06-15 years,2,30,22,21-Aug-16,,,,,,,,,,,,,,,,,,,,,,,,,,,,
JU68,8,06-15 years (twice),06-15 years,2,31,22,21-Aug-16,,2,,,,,,,,,,,,,,,,,,,,,,,,,,
JU68,9,06-15 years (twice),06-15 years,2,32,22,21-Aug-16,1,,,,,,,,,,,,,,,,,,,,,,,,,,,
B17,1,16-25 years,16-25 years,1,1,31,10-Aug-16,,4,,,,,,,,,,,,,,,,,,,,,,,,,,
B17,2,16-25 years,16-25 years,1,2,31,10-Aug-16,,,,,,,,,,,,,,,,,,,,,,,,,,,,
B17,3,16-25 years,16-25 years,1,3,31,10-Aug-16,,,,,,,,,,,,,,,,,,,,,,,,,,,,
B17,4,16-25 years,16-25 years,1,4,31,10-Aug-16,,,,,,,,,,,,,,,,,,,,,,,,,,,,
B17,5,16-25 years,16-25 years,1,5,31,10-Aug-16,,,,,,,,,,,,,,,,,,,,,,,,,,,,
B17,6,16-25 years,16-25 years,1,6,31,10-Aug-16,,,,,,,,,,,,,,,,,,,,,,,,,,,,
B17,7,16-25 years,16-25 years,1,7,31,15-Aug-16,1,,,,,,,,,,,,,,,,,,,,,,,,,,,
B17,8,16-25 years,16-25 years,1,8,31,15-Aug-16,,,,,,,,,,,,,,,,,,,1,,,,1,,,,,
B17,9,16-25 years,16-25 years,1,9,31,15-Aug-16,1,,,,,,,,,,,,,,,,,,,,,,,,,,,
B17,10,16-25 years,16-25 years,1,10,31,15-Aug-16,,,,,,,,,,,,,,,,,,,,,,,,,,,,
B17,11,16-25 years,16-25 years,1,11,31,15-Aug-16,,,,,,,,,,,,,,,,,,,,,,,,,,,,
B17,12,16-25 years,16-25 years,1,12,31,23-Aug-16,,,,,,,,,,,,,,,,,,,,,,,,,,,,
B17,13,16-25 years,16-25 years,1,13,31,24-Aug-16,,,,,,,,,,,,,,,,,,,,,,,,,,,,
B17,14,16-25 years,16-25 years,1,14,31,23-Aug-16,,,,,,,,,,,,,,,,,,,,,,,,,,,,
B17,15,16-25 years,16-25 years,1,15,31,23-Aug-16,,1,,,,,,,,,,,,,,,,,,,,,,,,,,
B17,16,16-25 years,16-25 years,1,16,31,23-Aug-16,,,,,,,,,,,,,,,,,,,,,,,,,,,,
B17,17,16-25 years,16-25 years,1,17,31,23-Aug-16,,,,,,,,,,,,,,,,,,,,,,,,,,,,
JI4,1,16-25 years,16-25 years,1,18,31,09-May-16,,,,,,,,,,2,,,,,,,,,,,2,2,,,,,,
JI4,2,16-25 years,16-25 years,1,19,31,09-May-16,,,,,,,,,,,,,,,,,,,,,2,,,,1,,,
JI4,3,16-25 years,16-25 years,1,20,31,09-May-16,,,,,,,,,,1,,,,,,,,,,,,,,,,,,
JI4,4,16-25 years,16-25 years,1,21,31,09-May-16,,,,,,,,,,,,,,,,,,,,,,,,,,,,
JI4,5,16-25 years,16-25 years,1,22,31,09-May-16,,,,,,,,,,,,,,,,,,,,,2,,,,,,,
JI4,6,16-25 years,16-25 years,1,23,31,09-May-16,,,,,,,,,,,,,,,,,,,,,,,,,,,,
JI4,7,16-25 years,16-25 years,1,24,31,18-May-16,,2,,,,,,,,,,,,,,,,,,,2,,,,,,,
JI4,8,16-25 years,16-25 years,1,25,31,18-May-16,1,,,,,,,,,,,,,,,,,1,,,2,,,,,,,
JI4,9,16-25 years,16-25 years,1,26,31,18-May-16,,1,,,,,,,,,,,,,,,,,2,,1,,,,,,,
JI4,10,16-25 years,16-25 years,1,27,31,18-May-16,1,,,,,,,,,,,,,,,,,,1,,1,,,,,,,
JI4,11,16-25 years,16-25 years,1,28,31,18-May-16,,,,,,,,,,,,,,,,,,,,,,,,,,,,
JI4,12,16-25 years,16-25 years,1,29,31,12-Jul-16,,2,,,,,,,,,,,,,,,,,,,,,,,,,,
JI4,13,16-25 years,16-25 years,1,30,31,12-Jul-16,,,,,,,,,,,,,,,,,,,,,,,,,1,,,
JI4,14,16-25 years,16-25 years,1,31,31,12-Jul-16,,,,,,,,,,,,,,,,,,,,,,,,,,,,
JI4,15,16-25 years,16-25 years,1,32,31,12-Jul-16,,1,,,,,,,,,,,,,,,,,,,1,,,,,,,
JI4,16,16-25 years,16-25 years,1,33,31,12-Jul-16,1,,,,,,,,,,,,,,,,,,,,,,,,,,,
JI52,1,16-25 years,16-25 years,1,34,31,30-Jun-16,,,,,,,,,,1,,,,1,,,,,,,,,,,,,,
JI52,2,16-25 years,16-25 years,1,35,31,30-Jun-16,,,,,,,,,,,,,,,,,,,,,,,,,,,,
JI52,3,16-25 years,16-25 years,1,36,31,30-Jun-16,,,,,,,,,,,,,,,,,,,,,,,,,,,,
JI52,4,16-25 years,16-25 years,1,37,31,30-Jun-16,1,,,,,,,,,,,,,,,,,,,,1,,,,,,,
JI52,5,16-25 years,16-25 years,1,38,31,30-Jun-16,,,,,,,,,1,,,,,9,,,,,,,,,,1,,,,
B18,1,More than 26 years,More than 26 years,1,1,41,11-Aug-16,1,,,,,,,,,,,,,,,,,,,,,,,,,,,
B18,2,More than 26 years,More than 26 years,1,2,41,11-Aug-16,,,,,,,,,,,,,,,,,,,,,,,,,,,,
B18,3,More than 26 years,More than 26 years,1,3,41,11-Aug-16,,,,,,,,,,,,,,,,,,,,,,,,,,,,
B18,4,More than 26 years,More than 26 years,1,4,41,11-Aug-16,,,,,,,,,,,,,,,,,,,,,,,,,,,,
B18,5,More than 26 years,More than 26 years,1,5,41,11-Aug-16,,,,,,,,,,,,,,,,,,,,,,,,,,,,
B18,6,More than 26 years,More than 26 years,1,6,41,11-Aug-16,,,,,,,,,,,,,,,,,,,,,,,,,,,,
B19,1,More than 26 years,More than 26 years,1,7,41,08-Aug-16,,,,,,,,,,2,,,,7,,,,,,,,,,,,,,
B19,2,More than 26 years,More than 26 years,1,8,41,08-Aug-16,,,,,,,,,,,,,,9,,,,,,,,,,,,,,
B19,3,More than 26 years,More than 26 years,1,9,41,08-Aug-16,,,,,,,,,,,,,,5,,,,,,,,,,,,,,
B19,4,More than 26 years,More than 26 years,1,10,41,08-Aug-16,,,,,,,,,,,,,,,,,,,,,,,,,,,,
B19,5,More than 26 years,More than 26 years,1,11,41,08-Aug-16,,,,,,,,,,,,,,,,,,,,,,,,,1,,,
B19,6,More than 26 years,More than 26 years,1,12,41,08-Aug-16,,,,,,,,,,,,,,1,,,,,,,,,,,,,,
BT7,1,More than 26 years,More than 26 years,1,13,41,16-May-16,,,,,,,,,,,,,,,,,,,,,,,,,,,,
BT7,2,More than 26 years,More than 26 years,1,14,41,16-May-16,,,,,,,,,,,,,,,,,,,,,,,,,,,,
BT7,3,More than 26 years,More than 26 years,1,15,41,16-May-16,,,,,,,,,,,,,,,,,,,,,,,,,,,,
BT7,4,More than 26 years,More than 26 years,1,16,41,16-May-16,,,,,,,,,,,,,,,,,,,,,,,,,,,,
JI64,1,More than 26 years,More than 26 years,1,17,41,18-Aug-16,,,,,,,,,,,,,,,,,,,,,,,,,,,,
JI64,2,More than 26 years,More than 26 years,1,18,41,18-Aug-16,1,,,,,,,,,,,,,,,,,,,,,,,,,,,
JI64,3,More than 26 years,More than 26 years,1,19,41,18-Aug-16,,1,,,,,,,,,,,,,,,,,,,,,,,,,,
JI64,4,More than 26 years,More than 26 years,1,20,41,18-Aug-16,,1,,,,,,,,,,,,,,,,,,,,,,,,,,
JI64,5,More than 26 years,More than 26 years,1,21,41,18-Aug-16,,,,,,,,,,,,,,,,,,,,,,,3,,,,,
JI64,6,More than 26 years,More than 26 years,1,22,41,18-Aug-16,,,,,,,,,,,,,,,,,,,,,,,,,,,,
JU31N,1,More than 26 years,More than 26 years,1,23,41,21-Jun-16,,,,,,,,,,2,,,,,,,,,,,,,,,,,,
JU31N,2,More than 26 years,More than 26 years,1,24,41,21-Jun-16,,,,,,,,,,1,,,,,,,,,,,,,,,,,,
JU31N,3,More than 26 years,More than 26 years,1,25,41,21-Jun-16,,,,,,,,,,,,,,,,,,,,,,,,,,,,
JU31N,4,More than 26 years,More than 26 years,1,26,41,21-Jun-16,,,,,,,,,,1,,,,,,,,,,,,,,,,,,
JU31N,5,More than 26 years,More than 26 years,1,27,41,21-Jun-16,,,,,,,,,,22,,,,,,,,,,,,,,,,,,
JU31N,6,More than 26 years,More than 26 years,1,28,41,21-Jun-16,,,,,,,,,,2,,,,,,,,,,,,,,,,,,
JU31N,7,More than 26 years,More than 26 years,1,29,41,21-Jun-16,,,,,,,,,,2,,,,,,1,,,1,,,,,,,,,
JU31N,8,More than 26 years,More than 26 years,1,30,41,22-Jun-16,,1,,,,1,,,,,,,,,,,,,,,,,,,,,,
JU31N,9,More than 26 years,More than 26 years,1,31,41,22-Jun-16,,,,,,,,,,,,,,,,,,,,,,,,,,,,
JU31N,10,More than 26 years,More than 26 years,1,32,41,22-Jun-16,,,,,,,,,,,,,,,,,,,,,,,,,,,,
JU31N,11,More than 26 years,More than 26 years,1,33,41,22-Jun-16,,1,,,,,,,,,,,,,,,,,,,,,,,1,,,
JU31N,12,More than 26 years,More than 26 years,1,34,41,22-Jun-16,1,,,,,,,,,,,,,,,,,,,,,,,,,,,
JU100,1,Unlogged,Unlogged,,1,50,20-Jul-16,,2,,,,,,,,,,,,,,,,,,,,,,,,,,
JU100,2,Unlogged,Unlogged,,2,50,20-Jul-16,,1,,,,,,,,,,,,,,,,,,,,,,,,,,
JU100,3,Unlogged,Unlogged,,3,50,20-Jul-16,1,,,,,,,,,,,,,,,,,,,,,,,,,,,
JU100,4,Unlogged,Unlogged,,4,50,20-Jul-16,,,,,,,,,,,,,,,,,,,,,,,,,,,,
JU100,5,Unlogged,Unlogged,,5,50,20-Jul-16,,,,,,,,,,,,,,,,,,,,,,,,,1,,,
JU100,6,Unlogged,Unlogged,,6,50,20-Jul-16,,,,,,,,,,,,,,,,,,,,,1,,,,1,,,
JU100,7,Unlogged,Unlogged,,7,50,20-Jul-16,,,,,,,,,,,,,,1,,,,,,,1,,,,,,,
JU100,8,Unlogged,Unlogged,,8,50,17-Aug-16,1,,,,,,,,,,,,,,,,,,,,,,,,,,,
JU100,9,Unlogged,Unlogged,,9,50,17-Aug-16,,,,,,,,,,,,,,5,,,,,,,,,,,,,,
JU100,10,Unlogged,Unlogged,,10,50,17-Aug-16,1,,,,,,,,,,,,,,,,,,,,,,,,,,,
JU100,11,Unlogged,Unlogged,,11,50,17-Aug-16,,,,,,,,,,,,,,,,,,,,,,,,,,,,
JU100,12,Unlogged,Unlogged,,12,50,17-Aug-16,,,,,,,,,,,,,,,,,,,,,,,,,,,,
PS26,1,Unlogged,Unlogged,,13,50,25-May-16,2,,,,,,,,,1,,,,,,,,,,,,,,,,,,
PS26,2,Unlogged,Unlogged,,14,50,25-May-16,1,1,,,,,,,,4,,,,,,,,,,,,,,,,,,
PS26,3,Unlogged,Unlogged,,15,50,25-May-16,1,,,,,,,,,3,,,,,,,,,,,,,,,,,,
PS26,4,Unlogged,Unlogged,,16,50,25-May-16,,,,,,,,,,1,,,,,,,,,,,1,,,,1,,,
PS26,5,Unlogged,Unlogged,,17,50,25-May-16,1,,,,,,,,,,,,,,,,,,,,2,,,,,,,
PS26,6,Unlogged,Unlogged,,18,50,25-May-16,,3,,,,2,,,,13,,,,,,,,,1,,,,,,,,,
PS26,7,Unlogged,Unlogged,,19,50,11-Jul-16,,,,,,,,,,,,,,,,,,,,,1,,,,,,,
PS26,8,Unlogged,Unlogged,,20,50,11-Jul-16,1,,,,,,,,,,,,,,,,,,,,,,,,,,,
PS26,9,Unlogged,Unlogged,,21,50,11-Jul-16,1,,,,,,,,,,,,,,,,,,,,,,,,,,,
PS26,10,Unlogged,Unlogged,,22,50,11-Jul-16,,,,,,,,,,1,,,,3,,,,,,,,,,,,,,
PS26,11,Unlogged,Unlogged,,23,50,11-Jul-16,1,,,,,,,,,,,,,,,,,,,,,,,,,,,
PS26,12,Unlogged,Unlogged,,24,50,11-Jul-16,,,,,,,,,,,,,,,,,,,,,,,,,,,,
UTT27,1,Unlogged,Unlogged,,25,50,30-Aug-16,,,,,,,,,,,,,,2,,,,,,,,,,,,,,
UTT27,2,Unlogged,Unlogged,,26,50,30-Aug-16,,1,,,,,,,,1,,,,,,,,,,,,,,,,,,
UTT27,3,Unlogged,Unlogged,,27,50,30-Aug-16,1,,,,,,,,,,,,,,,,,,,,,,,,,,,
UTT27,4,Unlogged,Unlogged,,28,50,30-Aug-16,1,,,,,,,,,,,,,,,,,,,,,,,,,,,
UTT27,5,Unlogged,Unlogged,,29,50,30-Aug-16,,4,,,,,,,,,,,,1,,,,,,,,,,,,,,
UTT27,6,Unlogged,Unlogged,,30,50,30-Aug-16,,,,,,,,,,,,,,1,,,,,,,,,,,,,,
UTT27,7,Unlogged,Unlogged,,31,50,30-Aug-16,,,,,,,,,,,,,,,,,,,,,,,,,,,,
UTT27,8,Unlogged,Unlogged,,32,50,30-Aug-16,1,,,,,,,,,,,,,,,,,,,,,,,,,,,
UTT27,9,Unlogged,Unlogged,,33,50,30-Aug-16,,,,,,,,,,,,,,,,,,,,,,,,,,,,
UTT27,10,Unlogged,Unlogged,,34,50,30-Aug-16,,,,,,,,,,,,,,,,,,,,,,,,,,,,
UTT27,11,Unlogged,Unlogged,,35,50,30-Aug-16,,,,,,,,,,,,,,1,,,,,,,,,,,,,,
